{"_timestamp":1.774925508589187e+09,"_step":700,"val_loss":2.3929775048713045,"val_bpb":1.417256068294477,"training_time_ms":1.0512346172188409e+06,"_runtime":1439.677461862,"_wandb":{"runtime":1439}}