{"_timestamp":1.77492987242948e+09,"_step":700,"val_loss":2.391680855210022,"_runtime":1439.550861629,"_wandb":{"runtime":1439},"val_bpb":1.4164881193283192,"training_time_ms":1.0511241489448585e+06}