{"_runtime":3205.100239858,"training_time_ms":2.4046518442803062e+06,"_timestamp":1.774918902457084e+09,"_step":700,"val_loss":2.399288144141235,"val_bpb":1.4209935843312638,"_wandb":{"runtime":3205}}