{"_step":700,"val_loss":2.4067536426998166,"val_bpb":1.4254150730888702,"training_time_ms":982593.869287055,"_timestamp":1.7749184970259583e+09,"_wandb":{"runtime":1352},"_runtime":1352.210943119}