{"_timestamp":1.7749189020961843e+09,"_wandb":{"runtime":3203},"_runtime":3203.687450594,"_step":700,"val_loss":2.3971928619611,"val_bpb":1.4197526402026452,"training_time_ms":2.4045216468009166e+06}