{"val_loss":2.408862637963356,"_wandb":{"runtime":1356},"_runtime":1356.044726753,"val_bpb":1.4266641388779011,"training_time_ms":982759.7440853715,"_timestamp":1.7749212361182091e+09,"_step":700}