{"_runtime":3091.673594483,"_step":700,"val_loss":2.4012715055989458,"val_bpb":1.4221682427038727,"training_time_ms":2.378194194647949e+06,"_timestamp":1.774925119827367e+09,"_wandb":{"runtime":3091}}