{"_wandb":{"runtime":3283},"_runtime":3283.588411804,"training_time_ms":2.4468254024027847e+06,"_timestamp":1.7749316962675104e+09,"_step":700,"val_loss":2.382326159888507,"val_bpb":1.4109477418343919}