{"_wandb":{"runtime":3113},"training_time_ms":2.393169289100915e+06,"_timestamp":1.7749220214145634e+09,"_step":700,"val_loss":2.399924703073256,"val_bpb":1.4213705903864386,"_runtime":3113.066222826}