{"_runtime":1438.120864376,"_step":700,"val_loss":2.3947166602341663,"val_bpb":1.4182860940622517,"training_time_ms":1.051016412712168e+06,"_timestamp":1.774924054859811e+09,"_wandb":{"runtime":1438}}