{"val_loss":2.3952364976049303,"val_bpb":1.4185939710342426,"training_time_ms":1.0511743550305255e+06,"_timestamp":1.7749284194810846e+09,"_wandb":{"runtime":1442},"_runtime":1442.699045748,"_step":700}