{"_wandb":{"runtime":1354},"_runtime":1354.039219575,"val_loss":2.4075761776023366,"val_bpb":1.4259022245892947,"training_time_ms":982576.2113435194,"_timestamp":1.7749171278295763e+09,"_step":700}