{"_wandb":{"runtime":3126},"val_bpb":1.4205196090340075,"training_time_ms":2.4035876820469275e+06,"_timestamp":1.774922155200951e+09,"_step":700,"val_loss":2.3984878567058363,"_runtime":3126.191165836}