{"training_time_ms":982754.3513532728,"_wandb":{"runtime":1352},"_runtime":1352.77391717,"_timestamp":1.7749198637792928e+09,"_step":700,"val_loss":2.409081094127368,"val_bpb":1.4267935209232703}