{"_step":700,"val_loss":2.380804005646671,"val_bpb":1.4100462363535715,"_wandb":{"runtime":3147},"_runtime":3147.540455381,"training_time_ms":2.465511871466879e+06,"_timestamp":1.7749319653206387e+09}