{"_step":700,"val_loss":2.409413929549915,"val_bpb":1.426990644808216,"training_time_ms":983044.4301678799,"_wandb":{"runtime":1354},"_runtime":1354.239870678,"_timestamp":1.7749226046769185e+09}