{"_wandb":{"runtime":3310},"_runtime":3310.028865915,"val_bpb":1.4096395090610403,"training_time_ms":2.4887905542370863e+06,"_timestamp":1.7749287335204577e+09,"_step":700,"val_loss":2.3801172636503463}