{"val_bpb":1.410498183311538,"training_time_ms":2.5125784545517527e+06,"_timestamp":1.774925407142664e+09,"_wandb":{"runtime":3309},"_runtime":3309.020802924,"_step":700,"val_loss":2.381567099153909}