{"training_time_ms":1.0511923419525847e+06,"_timestamp":1.7749269612638547e+09,"_wandb":{"runtime":1439},"_runtime":1439.610943321,"_step":700,"val_loss":2.39316356337979,"val_bpb":1.4173662626233714}