{"_timestamp":1.7749284055162137e+09,"_step":700,"_wandb":{"runtime":3285},"_runtime":3285.835111088,"val_loss":2.380113194914951,"val_bpb":1.4096370993267584,"training_time_ms":2.449138369690161e+06}